{"stats":{"minecraft:dropped":{"twilightforest:cooked_venison":1,"minecraft:grass_block":1},"minecraft:custom":{"minecraft:open_barrel":1,"minecraft:time_since_rest":5301,"minecraft:damage_taken":30,"minecraft:leave_game":6,"minecraft:play_time":15996,"minecraft:sprint_one_cm":34875,"minecraft:time_since_death":15996,"minecraft:walk_on_water_one_cm":995,"minecraft:walk_one_cm":18181,"minecraft:sleep_in_bed":1,"minecraft:total_world_time":15996,"minecraft:walk_under_water_one_cm":38,"minecraft:swim_one_cm":930,"minecraft:fall_one_cm":1196,"minecraft:drop":2,"minecraft:fly_one_cm":46647,"minecraft:jump":205},"minecraft:picked_up":{"minecraft:grass_block":1},"minecraft:used":{"minecraft:grass_block":40}},"DataVersion":3465}